<?xml version="1.0" encoding="UTF-8"?>
<project-private xmlns="http://www.netbeans.org/ns/project-private/1">
    <editor-bookmarks xmlns="http://www.netbeans.org/ns/editor-bookmarks/2" lastBookmarkId="0"/>
    <open-files xmlns="http://www.netbeans.org/ns/projectui-open-files/2">
        <group>
            <file>file:/C:/Users/SamuelZapata/Documents/NetBeansProjects/KingsBarbershop/src/kingsbarbershop/Barbero.java</file>
            <file>file:/C:/Users/SamuelZapata/Documents/NetBeansProjects/KingsBarbershop/src/kingsbarbershop/MyObjectOutputStream.java</file>
            <file>file:/C:/Users/SamuelZapata/Documents/NetBeansProjects/KingsBarbershop/src/kingsbarbershop/Vista.java</file>
            <file>file:/C:/Users/SamuelZapata/Documents/NetBeansProjects/KingsBarbershop/src/kingsbarbershop/KingsBarbershop.java</file>
            <file>file:/C:/Users/SamuelZapata/Documents/NetBeansProjects/KingsBarbershop/src/kingsbarbershop/Barberia.java</file>
            <file>file:/C:/Users/SamuelZapata/Documents/NetBeansProjects/KingsBarbershop/src/kingsbarbershop/GestionDatos.java</file>
            <file>file:/C:/Users/SamuelZapata/Documents/NetBeansProjects/KingsBarbershop/src/kingsbarbershop/Persona.java</file>
            <file>file:/C:/Users/SamuelZapata/Documents/NetBeansProjects/KingsBarbershop/src/kingsbarbershop/Administrador.java</file>
            <file>file:/C:/Users/SamuelZapata/Documents/NetBeansProjects/KingsBarbershop/src/kingsbarbershop/GestionBarbero.java</file>
        </group>
    </open-files>
</project-private>
